{
  "train": [
    2.3830249309539795,
    2.024885416030884,
    1.9472901821136475,
    1.9025931358337402,
    1.8708128929138184,
    1.8431499004364014,
    1.8170491456985474,
    1.7934260368347168,
    1.7731287479400635,
    1.7547613382339478
  ],
  "val": [
    2.0667288637161256,
    1.9519525241851807,
    1.912289595603943,
    1.8656053924560547,
    1.8511229960123698,
    1.8164177227020264,
    1.793991085688273,
    1.772995155652364,
    1.7491521883010863,
    1.7300882895787557
  ],
  "val_ppl": [
    7.898942294333614,
    7.042424669715634,
    6.7685683551575355,
    6.459845444162483,
    6.366965586314628,
    6.149788695064285,
    6.0134046502172875,
    5.88846384091056,
    5.749725924110179,
    5.641151941371039
  ],
  "epoch_time": [
    168.85624885559082,
    170.40494179725647,
    171.42264080047607,
    172.6661479473114,
    171.72491240501404,
    171.03874897956848,
    171.7098252773285,
    171.09137868881226,
    175.6126720905304,
    176.43849682807922
  ]
}