{
  "train": {
    "nll": 1.6586433155275018,
    "ppl": 5.252180457024823
  },
  "valid": {
    "nll": 1.7277455220096989,
    "ppl": 5.627951502368485
  },
  "test": {
    "nll": 1.7139259131557971,
    "ppl": 5.550710364413036
  }
}