{
  "train": [
    2.5156190395355225,
    2.216168165206909,
    2.141904354095459,
    2.10188364982605,
    2.066901445388794,
    2.037571430206299,
    2.011687994003296,
    1.9875258207321167,
    1.9661736488342285,
    1.9462050199508667
  ],
  "val": [
    2.2359258556365966,
    2.1270946995417277,
    2.0854257694880167,
    2.052467303276062,
    2.0209718561172485,
    1.9987772671381632,
    1.9707601881027221,
    1.945624950726827,
    1.9322629610697428,
    1.9089543755849203
  ],
  "val_ppl": [
    9.355139352281023,
    8.390454574649425,
    8.048017352558045,
    7.78709053749293,
    7.5456546620062594,
    7.380026778568855,
    7.1761296237432415,
    6.998003896356837,
    6.905118588927938,
    6.746031294398672
  ],
  "epoch_time": [
    115.53331327438354,
    116.15541529655457,
    115.08334374427795,
    114.26586580276489,
    113.43596625328064,
    113.26619720458984,
    113.98541140556335,
    113.45357847213745,
    112.33612537384033,
    112.25275301933289
  ]
}