{
  "train": {
    "nll": 1.860687935739249,
    "ppl": 6.42815740991699
  },
  "valid": {
    "nll": 1.9066138236146224,
    "ppl": 6.730260321151818
  },
  "test": {
    "nll": 1.905271317585405,
    "ppl": 6.721230968428856
  }
}