{
  "train": [
    3.754819869995117,
    3.009760618209839,
    2.5748496055603027,
    2.3176865577697754,
    2.174398183822632,
    2.0857365131378174,
    2.01259708404541,
    1.9523190259933472,
    1.8919810056686401,
    1.8341093063354492,
    1.7761768102645874,
    1.7142812013626099,
    1.6510348320007324,
    1.5873427391052246,
    1.5217655897140503,
    1.4606844186782837,
    1.403252363204956,
    1.3477593660354614,
    1.3024674654006958,
    1.2587493658065796,
    1.2210439443588257,
    1.188247799873352,
    1.1556963920593262,
    1.129106044769287,
    1.1017783880233765,
    1.076820731163025,
    1.0549726486206055,
    1.036688208580017,
    1.019916296005249,
    1.0048619508743286
  ],
  "val": [
    3.2496252059936523,
    2.72025408744812,
    2.395356369018555,
    2.2203368663787844,
    2.1112064361572265,
    2.035731792449951,
    1.9675151586532593,
    1.906256914138794,
    1.844516658782959,
    1.7835438966751098,
    1.7165197372436523,
    1.646152639389038,
    1.5701705455780028,
    1.491756224632263,
    1.4164646863937378,
    1.345769715309143,
    1.2811148405075072,
    1.2329888105392457,
    1.1800589084625244,
    1.1424946784973145,
    1.1089896440505982,
    1.0703489780426025,
    1.0473990082740783,
    1.0228710412979125,
    0.9968644499778747,
    0.977425730228424,
    0.9585986018180848,
    0.9395723342895508,
    0.9276152849197388,
    0.9164677143096924
  ],
  "val_ppl": [
    25.78067566353573,
    15.184179864360337,
    10.972107481615211,
    9.21043302856713,
    8.258198266169549,
    7.657854035276841,
    7.152880614043028,
    6.727858656082413,
    6.325041898010066,
    5.950908498201229,
    5.565126619192789,
    5.186985186051726,
    4.807468016276206,
    4.444894902179615,
    4.122520245408605,
    3.841141988820546,
    3.600651641133724,
    3.4314702393221523,
    3.254565918717229,
    3.1345783846863045,
    3.0312941606233403,
    2.9163970809547237,
    2.8502280490049636,
    2.7811681611581305,
    2.7097718684865293,
    2.657606033693077,
    2.608039010113344,
    2.5588868361315846,
    2.528472296342747,
    2.5004424952446316
  ],
  "epoch_time": [
    4.680229902267456,
    3.1711032390594482,
    3.181082248687744,
    3.157302141189575,
    3.1471028327941895,
    3.128803014755249,
    3.134722948074341,
    3.1483449935913086,
    3.1397008895874023,
    3.1188743114471436,
    3.1375784873962402,
    3.1191351413726807,
    3.126974582672119,
    3.1253981590270996,
    3.1288962364196777,
    3.1167609691619873,
    3.1265652179718018,
    3.2249395847320557,
    3.082141637802124,
    3.0978894233703613,
    3.2369205951690674,
    3.329007625579834,
    3.182757616043091,
    3.2060205936431885,
    3.1410059928894043,
    3.1794214248657227,
    3.141831874847412,
    3.1586108207702637,
    3.138056993484497,
    3.2009706497192383
  ]
}