{
  "train": {
    "nll": 0.8664607339435153,
    "ppl": 2.3784778730442357
  },
  "valid": {
    "nll": 0.9139634370803833,
    "ppl": 2.494188528142726
  },
  "test": {
    "nll": 0.9439233839511871,
    "ppl": 2.570044936956092
  }
}