{
  "jsb": {
    "baseline": {
      "train": {
        "nll": 0.8664607339435153,
        "ppl": 2.3784778730442357
      },
      "valid": {
        "nll": 0.9139634370803833,
        "ppl": 2.494188528142726
      },
      "test": {
        "nll": 0.9439233839511871,
        "ppl": 2.570044936956092
      }
    },
    "relative": {
      "train": {
        "nll": 0.48186174035072327,
        "ppl": 1.6190859155753725
      },
      "valid": {
        "nll": 0.5024120608965555,
        "ppl": 1.6527028868263522
      },
      "test": {
        "nll": 0.5302290916442871,
        "ppl": 1.6993215644005857
      }
    }
  },
  "piano_e": {
    "baseline": {
      "train": {
        "nll": 1.860687935739249,
        "ppl": 6.42815740991699
      },
      "valid": {
        "nll": 1.9066138236146224,
        "ppl": 6.730260321151818
      },
      "test": {
        "nll": 1.905271317585405,
        "ppl": 6.721230968428856
      }
    },
    "relative": {
      "train": {
        "nll": 1.6586433155275018,
        "ppl": 5.252180457024823
      },
      "valid": {
        "nll": 1.7277455220096989,
        "ppl": 5.627951502368485
      },
      "test": {
        "nll": 1.7139259131557971,
        "ppl": 5.550710364413036
      }
    }
  }
}