{
  "train": {
    "nll": 0.48186174035072327,
    "ppl": 1.6190859155753725
  },
  "valid": {
    "nll": 0.5024120608965555,
    "ppl": 1.6527028868263522
  },
  "test": {
    "nll": 0.5302290916442871,
    "ppl": 1.6993215644005857
  }
}