{
  "train": [
    3.7482941150665283,
    2.875274896621704,
    2.420773983001709,
    2.116596221923828,
    1.7964762449264526,
    1.4744987487792969,
    1.1980339288711548,
    1.0258320569992065,
    0.927618145942688,
    0.8703656792640686,
    0.83489990234375,
    0.8082427382469177,
    0.7858379483222961,
    0.7668809294700623,
    0.7511271834373474,
    0.7340182065963745,
    0.7166413068771362,
    0.6964378952980042,
    0.6769381165504456,
    0.6584082841873169,
    0.6433441638946533,
    0.6288393139839172,
    0.6145024299621582,
    0.6003082990646362,
    0.5879986882209778,
    0.5777586698532104,
    0.5656691193580627,
    0.5559573173522949,
    0.5468813180923462,
    0.5377262234687805
  ],
  "val": [
    3.1414395332336427,
    2.5748339176177977,
    2.243075895309448,
    1.9251281023025513,
    1.5903974294662475,
    1.259624433517456,
    1.035394275188446,
    0.9103200435638428,
    0.842086398601532,
    0.8026395678520203,
    0.7748354554176331,
    0.7538424730300903,
    0.7352407097816467,
    0.7186936736106873,
    0.7031654477119446,
    0.6859659314155578,
    0.6652517676353454,
    0.6438440322875977,
    0.6241304636001587,
    0.6086609125137329,
    0.5944223165512085,
    0.5800582826137543,
    0.5676209151744842,
    0.5562308549880981,
    0.5459456384181977,
    0.5364835321903229,
    0.5271567523479461,
    0.5186613082885743,
    0.5111675679683685,
    0.5040099143981933
  ],
  "val_ppl": [
    23.13714959294445,
    13.129136459147762,
    9.422268672458307,
    6.856026882477193,
    4.905698209971143,
    3.524097705817437,
    2.8162163810026177,
    2.485117752067659,
    2.3212048867514055,
    2.231423154632903,
    2.170234997391078,
    2.125150180445747,
    2.085984048842583,
    2.0517512024961544,
    2.0201372359852385,
    1.9856889488253209,
    1.944980142750166,
    1.9037850427636824,
    1.8666221556480695,
    1.837968549479559,
    1.8119838894535427,
    1.786142528771606,
    1.7640651943932628,
    1.7440863815894858,
    1.7262400096622914,
    1.7099831765482973,
    1.6941086839503663,
    1.6797774397306116,
    1.6672366711199347,
    1.6553457748328582
  ],
  "epoch_time": [
    4.720039367675781,
    4.753942251205444,
    4.799554824829102,
    4.770389795303345,
    4.823519706726074,
    4.800599813461304,
    4.770511865615845,
    4.979572296142578,
    4.875847339630127,
    4.768329858779907,
    4.792034387588501,
    4.769710063934326,
    4.759505033493042,
    4.897449970245361,
    4.911673545837402,
    4.853443145751953,
    4.835776329040527,
    4.810687065124512,
    4.826641798019409,
    4.7476794719696045,
    4.763773441314697,
    4.931550025939941,
    4.8708271980285645,
    4.829638719558716,
    4.82909893989563,
    4.830950975418091,
    4.7488110065460205,
    4.81741189956665,
    4.789440155029297,
    4.792328357696533
  ]
}